{
    "name": "root",
    "metadata": {
        "timer_format_version": "0.1.0",
        "start_time_seconds": "1627411037",
        "python_version": "3.8.5 (default, Sep  3 2020, 21:29:08) [MSC v.1916 64 bit (AMD64)]",
        "command_line_arguments": "C:\\ProgramData\\Anaconda3\\Scripts\\mlagents-learn config/config.yaml --run-id=rb_only --force",
        "mlagents_version": "0.27.0",
        "mlagents_envs_version": "0.27.0",
        "communication_protocol_version": "1.5.0",
        "pytorch_version": "1.7.1+cu110",
        "numpy_version": "1.19.5",
        "end_time_seconds": "1627411077"
    },
    "total": 39.8443198,
    "count": 1,
    "self": 0.008463100000000168,
    "children": {
        "run_training.setup": {
            "total": 0.22120169999999995,
            "count": 1,
            "self": 0.22120169999999995
        },
        "TrainerController.start_learning": {
            "total": 39.614655,
            "count": 1,
            "self": 0.04646600000003076,
            "children": {
                "TrainerController._reset_env": {
                    "total": 15.104506299999999,
                    "count": 1,
                    "self": 6.841927999999998,
                    "children": {
                        "demo_to_buffer": {
                            "total": 8.262578300000001,
                            "count": 2,
                            "self": 0.018249199999999632,
                            "children": {
                                "load_demonstration": {
                                    "total": 0.8818468000000017,
                                    "count": 2,
                                    "self": 0.8668094000000011,
                                    "children": {
                                        "read_file": {
                                            "total": 0.015037400000000645,
                                            "count": 2,
                                            "self": 0.015037400000000645
                                        }
                                    }
                                },
                                "make_demo_buffer": {
                                    "total": 7.3624823,
                                    "count": 2,
                                    "self": 0.38410489999986375,
                                    "children": {
                                        "steps_from_proto": {
                                            "total": 6.978377400000136,
                                            "count": 12836,
                                            "self": 0.82774940000008,
                                            "children": {
                                                "_process_maybe_compressed_observation": {
                                                    "total": 5.683337899999998,
                                                    "count": 25672,
                                                    "self": 0.305861099999877,
                                                    "children": {
                                                        "_observation_to_np_array": {
                                                            "total": 5.377476800000121,
                                                            "count": 12836,
                                                            "self": 0.1521568000002027,
                                                            "children": {
                                                                "process_pixels": {
                                                                    "total": 5.225319999999918,
                                                                    "count": 12836,
                                                                    "self": 1.241065399999929,
                                                                    "children": {
                                                                        "image_decompress": {
                                                                            "total": 3.984254599999989,
                                                                            "count": 12836,
                                                                            "self": 3.984254599999989
                                                                        }
                                                                    }
                                                                }
                                                            }
                                                        }
                                                    }
                                                },
                                                "_process_rank_one_or_two_observation": {
                                                    "total": 0.4672901000000582,
                                                    "count": 25672,
                                                    "self": 0.4672901000000582
                                                }
                                            }
                                        }
                                    }
                                }
                            }
                        }
                    }
                },
                "TrainerController.advance": {
                    "total": 23.84004699999997,
                    "count": 2051,
                    "self": 0.018839900000163112,
                    "children": {
                        "env_step": {
                            "total": 23.821207099999807,
                            "count": 2051,
                            "self": 15.322839799999755,
                            "children": {
                                "SubprocessEnvManager._take_step": {
                                    "total": 8.465256500000049,
                                    "count": 2051,
                                    "self": 0.1106746000000598,
                                    "children": {
                                        "TorchPolicy.evaluate": {
                                            "total": 8.354581899999989,
                                            "count": 2051,
                                            "self": 2.9842316000002462,
                                            "children": {
                                                "TorchPolicy.sample_actions": {
                                                    "total": 5.370350299999743,
                                                    "count": 2051,
                                                    "self": 5.370350299999743
                                                }
                                            }
                                        }
                                    }
                                },
                                "workers": {
                                    "total": 0.03311080000000288,
                                    "count": 2050,
                                    "self": 0.0,
                                    "children": {
                                        "worker_root": {
                                            "total": 35.55039869999997,
                                            "count": 2050,
                                            "is_parallel": true,
                                            "self": 22.221486899999924,
                                            "children": {
                                                "steps_from_proto": {
                                                    "total": 0.009567999999999799,
                                                    "count": 1,
                                                    "is_parallel": true,