{
    "name": "root",
    "metadata": {
        "timer_format_version": "0.1.0",
        "start_time_seconds": "1627411857",
        "python_version": "3.8.5 (default, Sep  3 2020, 21:29:08) [MSC v.1916 64 bit (AMD64)]",
        "command_line_arguments": "C:\\ProgramData\\Anaconda3\\Scripts\\mlagents-learn config/config.yaml --run-id=rb_only --force",
        "mlagents_version": "0.27.0",
        "mlagents_envs_version": "0.27.0",
        "communication_protocol_version": "1.5.0",
        "pytorch_version": "1.7.1+cu110",
        "numpy_version": "1.19.5",
        "end_time_seconds": "1627411891"
    },
    "total": 33.7662932,
    "count": 1,
    "self": 0.008103399999995986,
    "children": {
        "run_training.setup": {
            "total": 0.23246659999999997,
            "count": 1,
            "self": 0.23246659999999997
        },
        "TrainerController.start_learning": {
            "total": 33.5257232,
            "count": 1,
            "self": 0.024679300000016724,
            "children": {
                "TrainerController._reset_env": {
                    "total": 20.5743793,
                    "count": 1,
                    "self": 11.872174000000001,
                    "children": {
                        "demo_to_buffer": {
                            "total": 8.7022053,
                            "count": 2,
                            "self": 0.018559500000000284,
                            "children": {
                                "load_demonstration": {
                                    "total": 0.9869459999999997,
                                    "count": 2,
                                    "self": 0.9392204,
                                    "children": {
                                        "read_file": {
                                            "total": 0.0477255999999997,
                                            "count": 2,
                                            "self": 0.0477255999999997
                                        }
                                    }
                                },
                                "make_demo_buffer": {
                                    "total": 7.696699799999999,
                                    "count": 2,
                                    "self": 0.40981360000006006,
                                    "children": {
                                        "steps_from_proto": {
                                            "total": 7.286886199999939,
                                            "count": 12836,
                                            "self": 0.8610101999996882,
                                            "children": {
                                                "_process_maybe_compressed_observation": {
                                                    "total": 5.933453799999967,
                                                    "count": 25672,
                                                    "self": 0.321853400000256,
                                                    "children": {
                                                        "_observation_to_np_array": {
                                                            "total": 5.611600399999711,
                                                            "count": 12836,
                                                            "self": 0.16373339999960557,
                                                            "children": {
                                                                "process_pixels": {
                                                                    "total": 5.447867000000105,
                                                                    "count": 12836,
                                                                    "self": 1.3242532000004683,
                                                                    "children": {
                                                                        "image_decompress": {
                                                                            "total": 4.123613799999637,
                                                                            "count": 12836,
                                                                            "self": 4.123613799999637
                                                                        }
                                                                    }
                                                                }
                                                            }
                                                        }
                                                    }
                                                },
                                                "_process_rank_one_or_two_observation": {
                                                    "total": 0.49242220000028425,
                                                    "count": 25672,
                                                    "self": 0.49242220000028425
                                                }
                                            }
                                        }
                                    }
                                }
                            }
                        }
                    }
                },
                "TrainerController.advance": {
                    "total": 11.667676699999983,
                    "count": 567,
                    "self": 0.0055127000000325665,
                    "children": {
                        "env_step": {
                            "total": 11.662163999999951,
                            "count": 567,
                            "self": 6.657120099999876,
                            "children": {
                                "SubprocessEnvManager._take_step": {
                                    "total": 4.995695600000083,
                                    "count": 567,
                                    "self": 0.0331798000001271,
                                    "children": {
                                        "TorchPolicy.evaluate": {
                                            "total": 4.962515799999956,
                                            "count": 567,
                                            "self": 0.9024557999999558,
                                            "children": {
                                                "TorchPolicy.sample_actions": {
                                                    "total": 4.06006,
                                                    "count": 567,
                                                    "self": 4.06006
                                                }
                                            }
                                        }
                                    }
                                },
                                "workers": {
                                    "total": 0.009348299999992093,
                                    "count": 566,
                                    "self": 0.0,
                                    "children": {
                                        "worker_root": {
                                            "total": 26.667720200000044,
                                            "count": 566,
                                            "is_parallel": true,
                                            "self": 20.668669900000026,
                                            "children": {
                                                "steps_from_proto": {
                                                    "total": 0.02022809999999975,
                                                    "count": 1,
                                                    "is_parallel": true,
                                                    "self": 9.429999999976957e-05,