{"count":1,"self":38.39592,"total":529.4303066,"children":{"InitializeActuators":{"count":2,"self":0.0009993,"total":0.0009993,"children":null},"InitializeSensors":{"count":2,"self":0.0020001999999999997,"total":0.0020001999999999997,"children":null},"AgentSendState":{"count":57634,"self":7.8396824,"total":11.396552999999999,"children":{"CollectObservations":{"count":115268,"self":0.2350473,"total":0.2350473,"children":null},"WriteActionMask":{"count":115268,"self":0.081996699999999992,"total":0.081996699999999992,"children":null},"RequestDecision":{"count":115268,"self":0.33891669999999996,"total":3.2398267,"children":{"AgentInfo.ToProto":{"count":115268,"self":0.36713599999999996,"total":2.9009099999999997,"children":{"GenerateSensorData":{"count":115268,"self":2.1738825999999998,"total":2.5337739999999997,"children":{"RayPerceptionSensor.Perceive":{"count":115268,"self":0.3598914,"total":0.3598914,"children":null}}}}}}}}},"DecideAction":{"count":57634,"self":479.4517504,"total":479.45172729999996,"children":null},"AgentAct":{"count":57634,"self":0.1661109,"total":0.1661109,"children":null},"AgentInfo.ToProto":{"count":464,"self":0,"total":0.015994599999999998,"children":{"GenerateSensorData":{"count":464,"self":0.012994499999999999,"total":0.015994599999999998,"children":{"RayPerceptionSensor.Perceive":{"count":464,"self":0.0030001,"total":0.0030001,"children":null}}}}}},"gauges":{"Racecar.CumulativeReward":{"count":464,"max":16.7459564,"min":0.8709976,"runningAverage":10.464036,"value":13.7269745,"weightedAverage":12.0737486}},"metadata":{"timer_format_version":"0.1.0","start_time_seconds":"1627440120","unity_version":"2020.3.15f1","command_line_arguments":"C:\\Program Files\\Unity\\Hub\\Editor\\2020.3.15f1\\Editor\\Unity.exe -projectpath C:\/Users\/mehul\/Documents\/git\/Racecar-ML -useHub -hubIPC -cloudEnvironment production -hubSessionId a7082aa0-ee40-11eb-9c99-4f44de32a91d -accessToken jWERkckHEkVWxN6cpO426wQXallAcaabRj38mcpp8aA002f","communication_protocol_version":"1.5.0","com.unity.ml-agents_version":"2.1.0-exp.1","scene_name":"Phase1","end_time_seconds":"1627440649"}}