{"count":1,"self":41.6602432,"total":1141.5471788999998,"children":{"InitializeActuators":{"count":2,"self":0.0010000999999999999,"total":0.0010000999999999999,"children":null},"InitializeSensors":{"count":2,"self":0.0019998999999999998,"total":0.0019998999999999998,"children":null},"AgentSendState":{"count":61384,"self":0.5726515,"total":155.0444053,"children":{"CollectObservations":{"count":122768,"self":0.23509149999999998,"total":0.23509149999999998,"children":null},"WriteActionMask":{"count":122768,"self":0.0965056,"total":0.0965056,"children":null},"RequestDecision":{"count":122768,"self":0.53005099999999994,"total":154.1401567,"children":{"AgentInfo.ToProto":{"count":122768,"self":0.4434939,"total":153.6101057,"children":{"GenerateSensorData":{"count":122768,"self":3.0690139999999997,"total":153.1666118,"children":{"CameraSensor.GetCompressedObservation":{"count":122768,"self":150.0976,"total":150.0975978,"children":null}}}}}}}}},"DecideAction":{"count":61384,"self":943.80810239999994,"total":943.8080679,"children":null},"AgentAct":{"count":61384,"self":0.172962,"total":0.172962,"children":null},"AgentInfo.ToProto":{"count":605,"self":0.0020001,"total":0.85749979999999992,"children":{"GenerateSensorData":{"count":605,"self":0.0170039,"total":0.8554997,"children":{"CameraSensor.GetCompressedObservation":{"count":605,"self":0.8384958,"total":0.8384958,"children":null}}}}}},"gauges":{"Racecar.CumulativeReward":{"count":605,"max":5.570012,"min":-2.1430068,"runningAverage":0.784940541,"value":-1.11400008,"weightedAverage":-1.12048483}},"metadata":{"timer_format_version":"0.1.0","start_time_seconds":"1627394204","unity_version":"2020.3.14f1","command_line_arguments":"C:\\Program Files\\Unity\\Hub\\Editor\\2020.3.14f1\\Editor\\Unity.exe -projectpath C:\/Users\/mehul\/Downloads\/RacecarSim -useHub -hubIPC -cloudEnvironment production -hubSessionId a7082aa0-ee40-11eb-9c99-4f44de32a91d -accessToken 5yQNlkJEWDjK11pYiRhznfPIRaB809dWEd4jQ2uegbw002f","communication_protocol_version":"1.5.0","com.unity.ml-agents_version":"2.1.0-exp.1","scene_name":"Phase1","end_time_seconds":"1627395346"}}